customer_id,name,email,location
1,Jose Cooper,martinezlisa@yahoo.com,Pune
2,Julia George,yaguilar@hotmail.com,Chennai
3,Tiffany Melton,keithbutler@mathews.info,Kolkata
4,Matthew Hall,lisa35@wheeler.com,Pune
5,Paul Bright,lorimontoya@wong.org,Hyderabad
6,Brian Brown,matthew24@hotmail.com,Bangalore
7,Kari Curry,andrew76@gmail.com,Bangalore
8,Mary Sanchez,davisstephanie@yahoo.com,Hyderabad
9,David Meza,eddie27@gmail.com,Mumbai
10,Christopher Perkins,ythomas@pope.com,Bangalore
11,Sarah Baker,thomaswilson@gmail.com,Chennai
12,David Hodges,tracy56@brown.com,Hyderabad
13,Rick Acosta,charris@yahoo.com,Hyderabad
14,Cynthia Wells,jennifer35@gmail.com,Bangalore
15,Alec Nichols,knightpaul@gmail.com,Pune
16,Mark Weber Jr.,longcheryl@yahoo.com,Pune
17,Christopher Wheeler,agonzalez@yahoo.com,Pune
18,William Lawson,james36@watkins.com,Pune
19,Kenneth Conway,benjaminspence@hotmail.com,Pune
20,Tracy Hopkins,michaelli@yahoo.com,Delhi
21,Michael Townsend,mariakelley@lopez-murphy.com,Pune
22,Morgan Wolfe,cindy30@harrell.com,Hyderabad
23,Christopher Booth,qperkins@thomas-wells.info,Delhi
24,Cathy Moore,holmestanner@hotmail.com,Delhi
25,Shane Johnson,boydkristen@elliott.com,Bangalore
26,Sheryl Erickson,kanekevin@george.biz,Pune
27,Lawrence Morales,jenningsjeffrey@gray.biz,Delhi
28,Randy Henderson,joshua25@yahoo.com,Hyderabad
29,Spencer Richardson,danielle78@meza.com,Hyderabad
30,Evan Yang,alanschwartz@hotmail.com,Mumbai
31,Dr. Barbara Saunders,stantonjoshua@wilcox-hernandez.com,Kolkata
32,Sarah Erickson,tlee@thomas.com,Mumbai
33,Stephanie Hernandez,wisejeremy@ortega-dyer.com,Delhi
34,Anne Campbell,angela07@hotmail.com,Mumbai
35,Andrew White,lauren82@yahoo.com,Mumbai
36,Charles Reyes,thomas14@yahoo.com,Delhi
37,Caitlin Nichols,ksmith@hotmail.com,Chennai
38,Patrick Silva,shannon45@munoz.com,Bangalore
39,Brittany Gonzalez,christine22@parker-moore.com,Delhi
40,Anna Gray,walkerdawn@hernandez-norton.com,Hyderabad
41,Colleen Fitzpatrick,robert92@maynard.com,Bangalore
42,Jeffrey Smith,thompsonjennifer@mendoza-novak.org,Mumbai
43,Cindy Zimmerman,austin13@gmail.com,Pune
44,Kelsey Moreno,tonyjones@ortiz-rodriguez.com,Kolkata
45,Austin Dyer,pamela72@fisher.net,Chennai
46,Justin Andrews,sanchezsusan@cox.com,Delhi
47,Whitney Cox,gbarnes@hotmail.com,Delhi
48,Kelly Williams,wrivera@gmail.com,Hyderabad
49,Gregory Lopez,quinnkatherine@gmail.com,Mumbai
50,Rachel Mitchell,jennifer37@brown.com,Chennai
51,Kelly Anderson,marissa86@lucas.com,Hyderabad
52,Steven Davis,stephanielarsen@johnson-stevens.info,Delhi
53,John Bernard,sabrina56@gmail.com,Bangalore
54,Trevor Campbell,granthannah@hammond.com,Delhi
55,Jasmine Russell,fisherkatherine@lang-simmons.net,Chennai
56,Paul Aguirre,mmckee@rivera.net,Pune
57,Taylor Robinson,emcguire@hotmail.com,Hyderabad
58,Stephanie Dean,hollybowen@sanchez-hernandez.biz,Hyderabad
59,Brandon Curry,ashleyjacobs@hardy.com,Delhi
60,John White,charlene02@gmail.com,Chennai
61,Sarah Thomas,aking@yahoo.com,Bangalore
62,Sharon Shields,wjones@rivera.org,Delhi
63,Sharon Jimenez,kturner@gmail.com,Mumbai
64,Jennifer Martin,lcruz@hotmail.com,Hyderabad
65,David Gonzales,johnsmelissa@gmail.com,Mumbai
66,Lorraine Kennedy,mayandrew@duke.com,Pune
67,Ricardo Russell MD,rebecca58@baker.com,Delhi
68,Ana Navarro,sarahopkins@cunningham-smith.com,Pune
69,Jonathan Bell,cferrell@buck-jackson.com,Kolkata
70,Carolyn Joseph,qhernandez@gmail.com,Mumbai
71,Anna Hernandez,foxkeith@santiago.info,Pune
72,Brad Singh,christopherespinoza@murphy.com,Chennai
73,John Moore,zgreen@gmail.com,Bangalore
74,Willie Taylor,vgeorge@yahoo.com,Mumbai
75,Angela Nichols,dlara@hotmail.com,Pune
76,Samuel Harmon,fpatterson@carter.info,Bangalore
77,Brett Bradford,julia29@yahoo.com,Mumbai
78,Katherine Anderson,chad14@yahoo.com,Bangalore
79,Andrew Ferguson,ganderson@martin.com,Mumbai
80,Angela Hall,emoran@gmail.com,Delhi
81,Dana Davis,wendy07@gmail.com,Delhi
82,Kristen Underwood,travis70@hill.com,Bangalore
83,James Morgan,joshua89@landry.com,Pune
84,Timothy Martinez,suzanne17@gmail.com,Bangalore
85,Keith Beltran,tabithashannon@gmail.com,Kolkata
86,Jonathan Roberts,michael03@hotmail.com,Mumbai
87,Michael Curtis,zmurphy@ward-francis.info,Kolkata
88,Kayla Lopez,lynnlutz@hotmail.com,Pune
89,Jonathan Thompson,robertbrown@gmail.com,Hyderabad
90,Mark Montoya,oedwards@hardin.com,Pune
91,Amy Wise,ewilliamson@gmail.com,Delhi
92,Nicole Mcguire,adamsrachel@merritt-kelly.com,Hyderabad
93,Brenda Villegas,lsheppard@lawrence.info,Hyderabad
94,Jamie Sullivan,emoreno@flores.net,Hyderabad
95,Charles Moore,kflores@hubbard.com,Bangalore
96,Eddie Ellis,garrett96@hotmail.com,Kolkata
97,Jordan Hale,lopeztheodore@williams.org,Pune
98,Justin Hill,carrolljennifer@hotmail.com,Pune
99,Jennifer Lewis,kingmeghan@petersen.com,Chennai
100,Luis Wilson,emily37@yahoo.com,Delhi
101,Riley Taylor,angela41@peterson.com,Kolkata
102,Miguel Kennedy,awilliams@cooper.org,Delhi
103,Tanya Mooney,qmorris@hotmail.com,Kolkata
104,Samantha Perry,curtismichelle@gmail.com,Mumbai
105,William Love,kyle61@valdez.info,Delhi
106,Kimberly Avila,darius33@hotmail.com,Kolkata
107,James Hodge,caitlin81@gmail.com,Mumbai
108,Timothy Lambert,alexandermurphy@garcia.com,Hyderabad
109,Elizabeth Rodriguez,pbrown@gmail.com,Delhi
110,William Murphy,hlee@bruce.com,Kolkata
111,Kara Patterson,sabrina31@lopez.net,Chennai
112,Joshua Rhodes,ohogan@reynolds-landry.com,Pune
113,Pamela Mccall,josephgray@yahoo.com,Bangalore
114,Jonathan Bryant,riverarebecca@patel.biz,Delhi
115,Julie Olsen,thomasharris@yahoo.com,Chennai
116,James Singh,jasonsavage@medina.com,Delhi
117,Joseph Long,fharris@hotmail.com,Pune
118,Amber Barnes,joshua35@gmail.com,Mumbai
119,Stephen Smith,garciarichard@hardy.com,Bangalore
120,Marcus Dickerson MD,ocarr@davis.biz,Chennai
121,Jennifer Wagner,matthewpittman@malone.com,Hyderabad
122,Heather Martin,korozco@hotmail.com,Bangalore
123,Cameron Rogers,beverly37@brooks.net,Kolkata
124,Cynthia Gamble,norrisdebbie@lowe.biz,Chennai
125,Gina Gray,johnsonpatricia@hotmail.com,Delhi
126,Melissa Williams,dawsonmatthew@austin-bird.com,Mumbai
127,Katherine Pittman,lucas89@collins.com,Chennai
128,Mrs. Catherine Norton,hardinmarcus@burgess.com,Bangalore
129,Crystal Smith,anthony25@smith.com,Mumbai
130,Tamara Byrd,michelleholmes@mahoney-kennedy.org,Pune
131,James Brady,beaton@yahoo.com,Chennai
132,Michael Tran,jose77@garcia-lucas.com,Kolkata
133,Jennifer Jones,laura66@hart.com,Chennai
134,Michael Ward,smithelizabeth@hotmail.com,Kolkata
135,Melissa Bryant,emilyvillanueva@gmail.com,Kolkata
136,Andrew Tanner,mcole@hotmail.com,Chennai
137,Robert Parker,johnsonjessica@garcia.net,Chennai
138,Daniel Stevens,udavis@johnson-kelly.com,Chennai
139,Bobby Griffin,jennifer05@rich.com,Kolkata
140,Leah Walker,pollardevan@carter.com,Pune
141,Michael Allen,michael19@yahoo.com,Hyderabad
142,Melissa Hoffman,richard37@gmail.com,Bangalore
143,Philip Ramirez,jeremybraun@mclaughlin.biz,Bangalore
144,Daniel Reynolds,katieroberson@gmail.com,Kolkata
145,William Hughes,susanlewis@gates-bailey.com,Bangalore
146,Juan Stanley,crawfordvictoria@williams-lang.com,Mumbai
147,Jason Owens,andrea41@hotmail.com,Delhi
148,Bryan Vazquez,rhamilton@yahoo.com,Hyderabad
149,Susan Boyd,jessicatorres@gmail.com,Delhi
150,Robert Stewart,dcarroll@walker.com,Bangalore
151,Lawrence Wilson,mmcdaniel@white-levine.org,Delhi
152,Anna Jackson,stephanie23@hotmail.com,Delhi
153,David Allen,yvette48@yahoo.com,Chennai
154,Brian Nelson,chamberstara@morales-hunt.biz,Bangalore
155,Dustin Gutierrez,xbyrd@shaw.com,Bangalore
156,Thomas Morrison,dominique44@wilson.com,Bangalore
157,Whitney Roberts,vperkins@meyers.com,Chennai
158,Emma Clay,noah15@hotmail.com,Chennai
159,Jeffrey Hartman,phillipsthomas@ryan.com,Pune
160,Melody Weeks,cmathews@hotmail.com,Bangalore
161,Katie Wilson,umalone@smith-gutierrez.com,Mumbai
162,Benjamin Smith,alisonhanson@hicks.com,Pune
163,Daniel Bush,barbaradavidson@bender.com,Mumbai
164,Richard Wright,jacqueline48@yahoo.com,Chennai
165,Dominique Browning MD,johnsonjennifer@maynard.com,Chennai
166,Michelle Brewer,carolnguyen@gmail.com,Chennai
167,Anthony Davis,nwu@vaughn.com,Pune
168,Patricia Rivas,mcguirejennifer@hotmail.com,Bangalore
169,Mr. Mark Garrison,zcochran@gmail.com,Kolkata
170,Jerome Whitaker,lindaramsey@hotmail.com,Pune
171,Frances Sims,marcus59@hotmail.com,Delhi
172,Shawn Henderson,lauramiller@gmail.com,Hyderabad
173,Monique Barnes,erica86@kemp-cannon.net,Kolkata
174,Scott Barry,harveyalexander@ochoa.org,Kolkata
175,Megan Horton,jeffreyjordan@hotmail.com,Pune
176,Christopher Wells,lindasanchez@gmail.com,Kolkata
177,Brian Monroe,youngalan@yahoo.com,Chennai
178,Candace Davis,sallywhite@hotmail.com,Bangalore
179,Ryan Keller,jennifer51@hodges.biz,Bangalore
180,Adrian Moss,courtneypeters@gomez.info,Delhi
181,Anthony Forbes,richardstheresa@gmail.com,Mumbai
182,Larry Strong,lindsay33@gmail.com,Bangalore
183,Vincent Bender,jennifer16@yahoo.com,Bangalore
184,Theresa Stephens,warneralyssa@yahoo.com,Delhi
185,Christine Franklin,corey16@hotmail.com,Hyderabad
186,Paul Bailey,matthewjohnson@yahoo.com,Delhi
187,Brent Powers,williamslisa@hotmail.com,Pune
188,Elizabeth Ruiz,andrewsevan@bailey.com,Mumbai
189,Christopher Johnson,william88@hotmail.com,Mumbai
190,Joshua Flores,samantha50@stokes-roberts.com,Chennai
191,Emily Bennett,zgreen@yahoo.com,Kolkata
192,Garrett Taylor,gkim@hotmail.com,Chennai
193,Patty Romero,wheelerheather@martinez.info,Hyderabad
194,Ryan Taylor,jwhite@yahoo.com,Chennai
195,Steven Woods,wrogers@yahoo.com,Delhi
196,April Rodriguez,andrewdavis@yahoo.com,Mumbai
197,Cheyenne Jimenez,mark33@hotmail.com,Bangalore
198,Kevin Allen,wrightsarah@frazier.info,Bangalore
199,Tina Anderson MD,gabriel45@gmail.com,Hyderabad
200,David Nichols,emilyjuarez@yahoo.com,Kolkata
201,Michael Clark,marthastone@yahoo.com,Mumbai
202,David Clark,jacksondaniel@martin.org,Hyderabad
203,George Hernandez,samanthastephenson@abbott-hawkins.com,Hyderabad
204,Shirley Walsh,eddiegriffin@yahoo.com,Kolkata
205,Angela Forbes,adamlee@matthews.info,Delhi
206,Brianna Davis,destinyrodriguez@cruz.biz,Kolkata
207,Peggy Mitchell,vstafford@bryant.biz,Delhi
208,Megan Parker,ojohnson@yahoo.com,Pune
209,Joel Olson,grichard@gmail.com,Kolkata
210,Tammy Hunter,bradleypratt@gmail.com,Delhi
211,Anna Harrison,barryjames@gmail.com,Hyderabad
212,Kathleen Wilson,scottbrittany@gray.net,Bangalore
213,Nicole Davis,jordanchristopher@sanchez-chandler.net,Bangalore
214,Lisa Butler,meganprice@hotmail.com,Mumbai
215,Stacy Edwards,reedjeffrey@hotmail.com,Bangalore
216,Michelle Maddox,teresa20@hotmail.com,Chennai
217,Melinda Flores,teresabaker@heath.biz,Chennai
218,Rebecca Wilson,lgross@yahoo.com,Delhi
219,Hannah Smith,nancy49@archer.info,Bangalore
220,Colleen Smith,fcosta@gmail.com,Chennai
221,Rick Smith,meyermichael@young.com,Chennai
222,James Miller,james62@hotmail.com,Pune
223,Keith Cabrera,pacemichael@gmail.com,Chennai
224,Megan Johnson,afrey@kelley.biz,Bangalore
225,Amber Pacheco,david08@wallace.com,Delhi
226,Nicole Jones,jilliangood@williams.biz,Chennai
227,Carrie Henderson,holtchristian@black.com,Kolkata
228,Patricia Jackson,janice38@yahoo.com,Pune
229,Jamie Bautista,leah61@dennis.com,Bangalore
230,Ross Miller,vincentguzman@gmail.com,Delhi
231,Lisa Henderson,jeffrey34@hotmail.com,Delhi
232,Jordan Fowler,bmoore@yahoo.com,Chennai
233,Molly Brown,christopher54@roberts.biz,Kolkata
234,Laura Walker,eyoung@hotmail.com,Pune
235,Mr. Jeffrey Morris,david82@gmail.com,Mumbai
236,Jason Merritt,shawelizabeth@yahoo.com,Chennai
237,Heather Carr,rperry@wilson-murphy.biz,Kolkata
238,Tiffany Donaldson,ashley14@rowe.com,Bangalore
239,Samuel Hill,ggarcia@gray.com,Pune
240,David Fischer,cathytaylor@yahoo.com,Chennai
241,Michael Lane,stephanielewis@smith.org,Pune
242,Christopher Taylor,joshuahurley@davidson.com,Mumbai
243,Nichole Roberson,ronald23@hotmail.com,Bangalore
244,Carmen Rice PhD,elizabeth47@yahoo.com,Hyderabad
245,Mariah Kelly,turneralvin@jones-kirby.info,Mumbai
246,Scott Aguilar,debbiereed@yahoo.com,Chennai
247,Andrea Taylor,josephblack@black.com,Mumbai
248,Steven Chan,bsmith@gmail.com,Chennai
249,Nicholas Gallegos,sanchezkimberly@ryan-odonnell.info,Chennai
250,Shannon Pham,joseph68@kemp.info,Bangalore
251,Jacob Bond,delacruzjennifer@williams-young.net,Delhi
252,Raymond Robertson,xtran@petty.com,Chennai
253,Heather Hunter,ehayes@sullivan.com,Mumbai
254,Lisa Ray,wilsonkatherine@hunter.net,Kolkata
255,Jacob Smith,antonio86@lucas-mann.com,Pune
256,Matthew Smith,monicaferguson@gmail.com,Hyderabad
257,Marvin Henderson,jennifer58@anderson.info,Hyderabad
258,Robert Lin,cassandrasmith@holden.org,Hyderabad
259,John Smith,vdavis@gmail.com,Delhi
260,William Manning,phall@guerrero-stein.com,Delhi
261,Kimberly Perry,michael61@allen.com,Pune
262,Crystal Thomas,andersonnancy@gmail.com,Bangalore
263,Corey Wilson,rachel33@jones.org,Kolkata
264,John Smith,kthornton@bates.net,Pune
265,Judy Pope,rmcknight@williamson.info,Pune
266,Mark Pierce,paul52@gmail.com,Mumbai
267,Cindy Perkins,ellisjulie@dawson.org,Kolkata
268,Roberta Miller,parkerellen@yahoo.com,Mumbai
269,Joseph Miller,ocastillo@gmail.com,Bangalore
270,Maria Williams,josephrosales@gmail.com,Bangalore
271,Connie Rich,dennis89@hotmail.com,Delhi
272,Robin Ellis,aaron69@hotmail.com,Mumbai
273,Bill Patel,johnsonholly@gmail.com,Pune
274,Steven Blake,melissaponce@hotmail.com,Chennai
275,Alicia Simpson,nsanders@davis.com,Kolkata
276,Patrick Johnston,cherryelizabeth@hotmail.com,Hyderabad
277,Maria Hunter,glendacoleman@tucker.com,Delhi
278,Laurie Evans,jonathan88@juarez.net,Bangalore
279,Laura Brown,thomas59@hotmail.com,Delhi
280,Matthew Hayes,archerstephanie@carson.biz,Mumbai
281,John Howell,xcox@dalton-wright.com,Delhi
282,Joshua Smith,elizabethjohns@yahoo.com,Bangalore
283,Steve Barton,jwiggins@hotmail.com,Mumbai
284,Jennifer Williams,dana10@hotmail.com,Delhi
285,Richard Carrillo,jacquelinekennedy@rodriguez.com,Chennai
286,Hayden Foster,ijones@gmail.com,Kolkata
287,Patrick Conner,ibush@gmail.com,Mumbai
288,Matthew Hendricks,troymitchell@hotmail.com,Delhi
289,Jessica Russell,amanda53@hotmail.com,Delhi
290,Troy Garcia,adamguzman@moss-hobbs.com,Mumbai
291,Angela Davidson,michelle99@hotmail.com,Delhi
292,Matthew Daniel,jacksonebony@hotmail.com,Chennai
293,Kelli Mercer,newmankaren@clark.biz,Pune
294,Priscilla Calderon,thomasfrancis@gmail.com,Hyderabad
295,Debra Jennings,watsonjoshua@hotmail.com,Chennai
296,Natalie Sanchez,georgetapia@reyes.com,Hyderabad
297,Thomas Brown,ljackson@yahoo.com,Hyderabad
298,Julie Poole,tallen@yahoo.com,Delhi
299,Karen Bell,kennethwhitaker@yahoo.com,Bangalore
300,Alyssa Black,colinlopez@gmail.com,Pune
301,Jacqueline Briggs,nicholsjulie@adkins.com,Mumbai
302,Brenda Lee,jamesclark@barron.org,Mumbai
303,Anthony Smith,amandalee@mueller-christian.com,Chennai
304,Michael Cunningham,tiffanywolfe@hotmail.com,Bangalore
305,Leslie Randolph,bflores@gmail.com,Delhi
306,Jacob Jones,mackenzie09@hotmail.com,Mumbai
307,Anthony White,nsanchez@rios-oliver.com,Bangalore
308,Robert Grant,jhunt@morgan.com,Bangalore
309,Brianna Bowman,arthur29@hotmail.com,Hyderabad
310,Gabriel Nelson,vanessa87@hotmail.com,Hyderabad
311,Cynthia Hayes,huangdavid@pittman-hamilton.net,Hyderabad
312,Samuel Phillips,madisonmyers@byrd.com,Kolkata
313,Kyle Simpson,mjuarez@gmail.com,Delhi
314,Theresa Mora,lboone@reed.com,Mumbai
315,Cynthia Smith,hwashington@kaiser.com,Bangalore
316,Jason Gilbert,qlarson@perez-bullock.com,Bangalore
317,Barbara Lee,patrickhernandez@hotmail.com,Chennai
318,Kevin Thompson,michaelcoleman@powell.com,Bangalore
319,Jesus Hale,maxwelljamie@gmail.com,Mumbai
320,Henry Long,amanda65@pham.com,Pune
321,Julian Garza,michael25@hotmail.com,Bangalore
322,Michael Stewart,douglas72@gmail.com,Mumbai
323,Christy Hall,ariel62@hotmail.com,Chennai
324,Joshua Gonzalez,michaelrojas@ross-ramsey.com,Bangalore
325,Heather Allen,gina04@yahoo.com,Delhi
326,Michael Lewis,jerry93@mayer-smith.com,Bangalore
327,Alan Howard,salazarlaura@gardner.info,Pune
328,Carla Cain,mpugh@yahoo.com,Pune
329,Margaret Brown,pwalker@hotmail.com,Mumbai
330,Natalie Fox,fordbriana@dillon-donaldson.info,Mumbai
331,Robert Cherry,mpotter@barajas.com,Mumbai
332,Gregory Stone,melissa86@yahoo.com,Pune
333,Megan Gutierrez,jeffrey30@yahoo.com,Delhi
334,Corey Larson,allison89@santiago.com,Mumbai
335,Michael Morgan,halljennifer@torres-thompson.com,Mumbai
336,Yolanda Lawrence,dwalters@hotmail.com,Delhi
337,Rebekah Gonzalez,mooreheather@gmail.com,Chennai
338,Patrick Barker,alexander31@gmail.com,Pune
339,Emily Smith,cassandrawilliams@jensen.com,Mumbai
340,Shirley Davis,dawnwillis@estes.com,Delhi
341,Cynthia Thomas,dicksonkimberly@gmail.com,Kolkata
342,Michael Perry,josephnicholas@yahoo.com,Hyderabad
343,Austin King,angela51@gomez-arnold.com,Chennai
344,Jennifer Cole,denisele@roach-ramsey.com,Hyderabad
345,Dylan Collins,leesean@smith.com,Bangalore
346,James Reeves,cparker@gmail.com,Pune
347,Joanna Sanchez,jasonmiller@hotmail.com,Chennai
348,Ann Mccullough,wrightvictor@gmail.com,Pune
349,James Cross,ytaylor@bradley-williams.com,Hyderabad
350,Melissa Peterson,margaretrodriguez@carlson.com,Delhi
351,Joel Page II,usoto@hotmail.com,Hyderabad
352,Angela Wiley,kbenton@yahoo.com,Hyderabad
353,Dakota Robinson,ubecker@gillespie.com,Delhi
354,David Jensen,juliahayden@valencia.com,Hyderabad
355,Deborah Larsen,vfry@hotmail.com,Hyderabad
356,Sarah White,myu@leach-fisher.org,Mumbai
357,Dr. Dakota Campbell,debralane@hotmail.com,Pune
358,Julie Martin,alozano@gmail.com,Kolkata
359,Colin Serrano,angela48@riddle.com,Mumbai
360,Amanda Nguyen,wardnathan@gmail.com,Delhi
361,Tyler Owens,vdavis@guzman.biz,Kolkata
362,Jordan Ford,janet18@griffin.com,Delhi
363,Shannon Noble,usalazar@gmail.com,Mumbai
364,Daniel Brown,bmoreno@farrell.com,Bangalore
365,Paul Garcia,ryanpope@yahoo.com,Mumbai
366,Crystal Lambert,ilowe@bernard.com,Delhi
367,Elizabeth Fischer,stephen67@miller.com,Chennai
368,Kevin Miller,brandonarmstrong@yahoo.com,Chennai
369,Jack Baker,chernandez@hotmail.com,Pune
370,Megan Green,nkirby@gmail.com,Chennai
371,Collin Petty,kaufmanjohn@hall-lane.com,Mumbai
372,Judy Clark,youngcharles@yahoo.com,Bangalore
373,Matthew Gilbert,petersonlaura@miller-black.com,Kolkata
374,Carrie Gibson,thomas83@yahoo.com,Pune
375,Stephen Hernandez,gary43@yahoo.com,Hyderabad
376,Debbie Coleman,lmiller@cardenas-bruce.com,Kolkata
377,Lindsay Jensen,dean68@hotmail.com,Hyderabad
378,Susan Flores,ogonzalez@yahoo.com,Bangalore
379,Anthony Allen,kolson@hotmail.com,Bangalore
380,Mark Arroyo,franklindaniel@gmail.com,Pune
381,Christine Proctor,justin00@jones.biz,Delhi
382,Vincent Golden,samuelsmith@yahoo.com,Chennai
383,Brittany Vincent,sburke@gmail.com,Bangalore
384,Dalton Morris,tonyasmith@yahoo.com,Mumbai
385,Benjamin King,vnguyen@anderson.com,Delhi
386,Sydney Jennings,ssimpson@hotmail.com,Kolkata
387,Jerome Bush,patricia01@montoya-fuller.com,Bangalore
388,Michelle Beck,angelaanderson@campbell-miller.info,Chennai
389,Michael Allen,alvaradodale@hotmail.com,Hyderabad
390,Crystal Mckinney,stephanie09@yahoo.com,Delhi
391,David Sanchez,justin03@yahoo.com,Bangalore
392,Wanda Cook,michele01@richardson.com,Pune
393,Nicole Clark,michaelwilson@hoffman.org,Pune
394,Phillip Smith,brownrachel@hotmail.com,Delhi
395,Michael Duncan,jamesturner@graham.com,Mumbai
396,Danielle Murillo,thoover@savage.com,Kolkata
397,Robert White,berrypamela@wong.com,Bangalore
398,Luis Green,claydustin@montoya-hernandez.com,Kolkata
399,Timothy Mitchell,ocruz@hotmail.com,Mumbai
400,Samuel Austin,barrykimberly@gmail.com,Kolkata
401,Anthony Townsend,orogers@gmail.com,Pune
402,Nathan Chambers,ericevans@hotmail.com,Delhi
403,Helen Grimes,jmiller@brown-brewer.biz,Kolkata
404,Christopher Green,jennifer11@long.com,Bangalore
405,Tammy Massey,gonzalezjasmin@brown.com,Mumbai
406,Jennifer Smith,browncarrie@gmail.com,Mumbai
407,Hannah Patrick,youngmichael@hernandez.info,Chennai
408,Tristan Sanchez,wgoodwin@miller.com,Chennai
409,Kathleen Martinez,alvaradowilliam@hotmail.com,Delhi
410,Edward Young,gwalters@yahoo.com,Mumbai
411,Theresa Dillon,pholmes@hotmail.com,Chennai
412,Jennifer Ford,jeffery67@yahoo.com,Bangalore
413,Kathryn Ross,gonzalezcharles@gmail.com,Kolkata
414,Jason Barry,brittany84@jones.com,Pune
415,Tracy Garcia,john48@hotmail.com,Bangalore
416,Christopher Fleming,bobby73@david.biz,Pune
417,Alfred Martin,yfoster@yahoo.com,Bangalore
418,Jessica Fields,trobinson@gmail.com,Chennai
419,Priscilla Dennis,hardinmatthew@gmail.com,Pune
420,Jason Smith,kmartinez@baker.com,Mumbai
421,Nicholas Haynes,samantha49@wagner.info,Kolkata
422,Darren Jackson,kylehoward@yahoo.com,Delhi
423,Kathleen Sanders,lisastewart@gmail.com,Delhi
424,Wanda Wilson,christineallen@gmail.com,Delhi
425,Kristen Gonzales,greenamy@smith-chen.net,Bangalore
426,Katherine Powell,brandon55@gmail.com,Mumbai
427,Jose Simpson,kimberly46@gmail.com,Kolkata
428,Richard Ortega,danielarmstrong@hotmail.com,Pune
429,Katrina Johnson,alexandraweiss@hotmail.com,Delhi
430,Taylor Chavez,seth45@yahoo.com,Mumbai
431,Deborah Haynes,brandismith@hotmail.com,Chennai
432,Sharon Johnson,kirk33@perez.info,Kolkata
433,Amanda Roach MD,shannon10@williams-cooper.com,Hyderabad
434,Cory Wise,ujenkins@carlson-davis.com,Delhi
435,Gwendolyn Sanders,vcosta@farmer-reyes.info,Mumbai
436,Latasha Sandoval,shannonmargaret@gmail.com,Chennai
437,Kristina Miller,rachelburns@hotmail.com,Chennai
438,John Johnson,anthonygross@hotmail.com,Pune
439,Shawn Johnson,imoore@hotmail.com,Mumbai
440,Malik Snyder,sherryvargas@yahoo.com,Pune
441,Christopher Murphy,youngmichael@yahoo.com,Bangalore
442,Sarah Anderson,gloriashaw@hotmail.com,Hyderabad
443,Alan Smith,elizabeth19@yahoo.com,Hyderabad
444,Michelle Bennett,ssandoval@evans.com,Kolkata
445,Christine Anthony,mwalker@gibson-nguyen.com,Bangalore
446,Joshua Petty,michellefranklin@gmail.com,Hyderabad
447,Cody Long,browningsara@yahoo.com,Pune
448,Rita Wilson,youngbrandon@ortiz.com,Chennai
449,Matthew Jones,michaeljohnson@yahoo.com,Kolkata
450,John Williams,nicoleharris@yahoo.com,Kolkata
451,Justin Dunn,renee02@hotmail.com,Kolkata
452,Ryan Cochran,courtneykeller@ayala-alvarez.com,Bangalore
453,Becky Simmons,vcampos@thompson-fernandez.info,Pune
454,Spencer Whitaker,natalie66@gmail.com,Chennai
455,Kimberly Hubbard,ujohnston@ramirez-johnson.net,Bangalore
456,Lori Gomez,christina35@yahoo.com,Pune
457,Kathryn Hardy,austin77@hotmail.com,Mumbai
458,Chelsea Watkins,gjordan@allen.org,Delhi
459,Roberto Cuevas,sevans@hotmail.com,Hyderabad
460,Diane Lawrence,jeffreyodonnell@garza.com,Bangalore
461,Robert Washington,lopezstephanie@benjamin.org,Mumbai
462,Erin Jones,alyssaperkins@hotmail.com,Mumbai
463,Karen Cunningham,brandonlang@hotmail.com,Kolkata
464,Raven Jordan,dylan98@hotmail.com,Bangalore
465,Michael Taylor,ggutierrez@proctor.com,Kolkata
466,Deborah Hernandez,hernandezmatthew@williams.com,Bangalore
467,Victoria Downs,tyler34@smith-nichols.org,Mumbai
468,Christopher Hardy,rachel22@williams-russo.org,Mumbai
469,Michael Rivera,oadams@yahoo.com,Kolkata
470,Allison Rios,roberto88@jackson-green.biz,Mumbai
471,Nicole Moore,xwilliams@kline.info,Kolkata
472,Michael Alvarez,timothy28@yahoo.com,Delhi
473,Heather Harris,erikrobinson@hotmail.com,Bangalore
474,Marcus Elliott,uharris@gaines.com,Pune
475,Jacob Taylor,aaronbrowning@harding.com,Mumbai
476,Kevin Levy,pblake@gmail.com,Kolkata
477,Susan Bates,rachelperez@willis.com,Hyderabad
478,Vincent Freeman,pjohnson@gmail.com,Mumbai
479,Daniel Clark,ytrevino@yahoo.com,Chennai
480,Jacob Coleman,ewhite@harrington.com,Hyderabad
481,Barbara Phillips,samanthaperez@parsons.com,Hyderabad
482,Richard Johnston,santiagojennifer@hotmail.com,Kolkata
483,Sarah Moore,lauriecastro@gmail.com,Mumbai
484,Jennifer Anderson,jennaberg@murray-york.com,Hyderabad
485,Kathleen Luna,hsmith@parsons-ramos.com,Mumbai
486,Gregory Scott,ycarr@yahoo.com,Pune
487,Sara Wilkinson,valeriearroyo@cook.info,Delhi
488,Michelle Middleton,leachandre@yahoo.com,Chennai
489,Melanie Bender,eescobar@hotmail.com,Kolkata
490,Robert Alexander,rachel75@yahoo.com,Kolkata
491,Janet Cox,cynthia84@martin.com,Delhi
492,Amanda King,kimberlydoyle@anderson-villa.com,Pune
493,Jenna Nguyen,samuel96@yahoo.com,Bangalore
494,Jessica Bishop,echaney@gmail.com,Kolkata
495,Jose Ferrell,kimjennifer@gmail.com,Pune
496,Victor Logan,carolyn97@hotmail.com,Delhi
497,Diane Young,jamesray@kelly.info,Pune
498,Jeremy Patterson,leonking@yahoo.com,Bangalore
499,Robert Crawford,chunt@guerra-beck.biz,Delhi
500,Diana Ramirez,hreyes@yahoo.com,Hyderabad
